tag,step,value,wall_time
time/fps,12288,894.0,1776004949.7262833
time/fps,24576,785.0,1776004967.2673068
time/fps,36864,769.0,1776004983.9173245
time/fps,49152,746.0,1776005001.8608468
time/fps,61440,347.0,1776005112.6672707
time/fps,73728,379.0,1776005130.5145833
time/fps,86016,404.0,1776005148.4351506
time/fps,98304,429.0,1776005164.7052886
time/fps,110592,350.0,1776005251.3895216
time/fps,122880,370.0,1776005267.671294
time/fps,135168,388.0,1776005283.4808269
time/fps,147456,405.0,1776005299.7771006
time/fps,159744,342.0,1776005401.7516735
time/fps,172032,355.0,1776005420.0705237
time/fps,184320,367.0,1776005437.7127442
time/fps,196608,378.0,1776005455.9502587
time/fps,208896,339.0,1776005550.5524714
time/fps,221184,350.0,1776005566.3863368
time/fps,233472,361.0,1776005582.2271457
time/fps,245760,371.0,1776005597.9366739
time/fps,258048,345.0,1776005682.97742
time/fps,270336,354.0,1776005698.7182822
time/fps,282624,363.0,1776005714.3534307
time/fps,294912,371.0,1776005730.1042442
time/fps,307200,353.0,1776005804.4009492
time/fps,319488,361.0,1776005820.1387923
time/fps,331776,368.0,1776005836.8019211
time/fps,344064,374.0,1776005854.0166519
time/fps,356352,355.0,1776005938.8217432
time/fps,368640,361.0,1776005956.3267665
time/fps,380928,367.0,1776005972.7097523
time/fps,393216,373.0,1776005989.4471064
time/fps,405504,355.0,1776006075.754554
time/fps,417792,361.0,1776006092.9464054
time/fps,430080,366.0,1776006109.5809355
time/fps,442368,371.0,1776006126.519737
time/fps,454656,358.0,1776006204.0601475
time/fps,466944,363.0,1776006220.204379
time/fps,479232,368.0,1776006235.6280398
time/fps,491520,373.0,1776006252.1273615
time/fps,503808,360.0,1776006333.7672539
time/fps,516096,365.0,1776006349.5945513
time/fps,528384,369.0,1776006365.4055598
time/fps,540672,374.0,1776006381.26385
time/fps,552960,363.0,1776006455.972759
time/fps,565248,368.0,1776006471.7915733
time/fps,577536,372.0,1776006487.3692853
time/fps,589824,376.0,1776006503.3837655
time/fps,602112,367.0,1776006576.552819
time/fps,614400,370.0,1776006593.9042394
time/fps,626688,373.0,1776006612.982492
time/fps,638976,377.0,1776006630.01371
time/fps,651264,368.0,1776006705.0881782
time/fps,663552,371.0,1776006721.1361432
time/fps,675840,375.0,1776006737.2524893
time/fps,688128,378.0,1776006753.3619592
time/fps,700416,371.0,1776006823.1432831
train/approx_kl,24576,0.0063574849627912045,1776004967.26735
train/approx_kl,36864,0.007199060171842575,1776004983.9173627
train/approx_kl,49152,0.006529889535158873,1776005001.8608863
train/approx_kl,49998,0.007089798804372549,1776005099.917551
train/approx_kl,73728,0.006549338344484568,1776005130.5146253
train/approx_kl,86016,0.006599274929612875,1776005148.4351883
train/approx_kl,98304,0.008068963885307312,1776005164.7053266
train/approx_kl,99996,0.006622968707233667,1776005241.2336988
train/approx_kl,122880,0.0069955140352249146,1776005267.6713352
train/approx_kl,135168,0.006750123109668493,1776005283.4808643
train/approx_kl,147456,0.005993908736854792,1776005299.7771392
train/approx_kl,149994,0.006749898195266724,1776005390.747158
train/approx_kl,172032,0.007685414049774408,1776005420.0705612
train/approx_kl,184320,0.007255417760461569,1776005437.712784
train/approx_kl,196608,0.007327742874622345,1776005455.9502988
train/approx_kl,199992,0.007108745630830526,1776005541.7983396
train/approx_kl,221184,0.007554943207651377,1776005566.386373
train/approx_kl,233472,0.007437487598508596,1776005582.227182
train/approx_kl,245760,0.00658503919839859,1776005597.9367127
train/approx_kl,249990,0.007824064232409,1776005675.2514112
train/approx_kl,270336,0.007699412759393454,1776005698.7183225
train/approx_kl,282624,0.006259886082261801,1776005714.353466
train/approx_kl,294912,0.007092733401805162,1776005730.1042798
train/approx_kl,299988,0.007460542488843203,1776005797.6308908
train/approx_kl,319488,0.007139527704566717,1776005820.1388285
train/approx_kl,331776,0.008045434951782227,1776005836.8019636
train/approx_kl,344064,0.006683079991489649,1776005854.0166872
train/approx_kl,349986,0.006181379314512014,1776005931.9306564
train/approx_kl,368640,0.006322676781564951,1776005956.3268046
train/approx_kl,380928,0.006889630109071732,1776005972.7097893
train/approx_kl,393216,0.006666647735983133,1776005989.4471486
train/approx_kl,399984,0.006873685866594315,1776006070.397501
train/approx_kl,417792,0.00595875084400177,1776006092.9464464
train/approx_kl,430080,0.005748080555349588,1776006109.5809736
train/approx_kl,442368,0.005731057375669479,1776006126.5197744
train/approx_kl,449982,0.005747598130255938,1776006199.160947
train/approx_kl,466944,0.005764749366790056,1776006220.204417
train/approx_kl,479232,0.005165074486285448,1776006235.6280777
train/approx_kl,491520,0.005023425444960594,1776006252.1274002
train/approx_kl,499980,0.005225330591201782,1776006329.9817429
train/approx_kl,516096,0.004727300722151995,1776006349.5945902
train/approx_kl,528384,0.005521515849977732,1776006365.4055998
train/approx_kl,540672,0.004758039023727179,1776006381.263895
train/approx_kl,549978,0.004612438380718231,1776006453.0467956
train/approx_kl,565248,0.004297400359064341,1776006471.7916107
train/approx_kl,577536,0.004344920162111521,1776006487.369322
train/approx_kl,589824,0.004567986819893122,1776006503.3838015
train/approx_kl,599976,0.0042868792079389095,1776006574.339978
train/approx_kl,614400,0.004563386086374521,1776006593.9042785
train/approx_kl,626688,0.004082703962922096,1776006612.9825315
train/approx_kl,638976,0.0034652079921215773,1776006630.0137496
train/approx_kl,649974,0.0033602777402848005,1776006703.7857287
train/approx_kl,663552,0.0037537228781729937,1776006721.13618
train/approx_kl,675840,0.0038677759002894163,1776006737.252529
train/approx_kl,688128,0.001598202739842236,1776006753.361995
train/approx_kl,699972,0.0014675604179501534,1776006822.6831892
train/clip_fraction,24576,0.05651041492819786,1776004967.2673674
train/clip_fraction,36864,0.07431640475988388,1776004983.9173796
train/clip_fraction,49152,0.07286784052848816,1776005001.8609045
train/clip_fraction,49998,0.07368163764476776,1776005099.9178152
train/clip_fraction,73728,0.06546223908662796,1776005130.5146422
train/clip_fraction,86016,0.07205403596162796,1776005148.435206
train/clip_fraction,98304,0.09648437798023224,1776005164.705343
train/clip_fraction,99996,0.0777994766831398,1776005241.233947
train/clip_fraction,122880,0.07854817807674408,1776005267.6713526
train/clip_fraction,135168,0.077392578125,1776005283.4808815
train/clip_fraction,147456,0.07368163764476776,1776005299.7771559
train/clip_fraction,149994,0.0718587264418602,1776005390.747533
train/clip_fraction,172032,0.09104817360639572,1776005420.0705776
train/clip_fraction,184320,0.08063150942325592,1776005437.7128026
train/clip_fraction,196608,0.08131510764360428,1776005455.9503164
train/clip_fraction,199992,0.08266601711511612,1776005541.798572
train/clip_fraction,221184,0.08592122048139572,1776005566.3863897
train/clip_fraction,233472,0.08409830927848816,1776005582.2271988
train/clip_fraction,245760,0.07133789360523224,1776005597.9367292
train/clip_fraction,249990,0.08261718600988388,1776005675.2516637
train/clip_fraction,270336,0.07859700173139572,1776005698.7183394
train/clip_fraction,282624,0.07148437201976776,1776005714.3534827
train/clip_fraction,294912,0.07944335788488388,1776005730.104296
train/clip_fraction,299988,0.081298828125,1776005797.6311455
train/clip_fraction,319488,0.07989908754825592,1776005820.138846
train/clip_fraction,331776,0.09894205629825592,1776005836.8019817
train/clip_fraction,344064,0.07190755009651184,1776005854.016703
train/clip_fraction,349986,0.07093098759651184,1776005931.9310365
train/clip_fraction,368640,0.06806640326976776,1776005956.3268218
train/clip_fraction,380928,0.0694986954331398,1776005972.7098057
train/clip_fraction,393216,0.073486328125,1776005989.4471657
train/clip_fraction,399984,0.0667317733168602,1776006070.3978932
train/clip_fraction,417792,0.05852864682674408,1776006092.9464626
train/clip_fraction,430080,0.05646158754825592,1776006109.5809891
train/clip_fraction,442368,0.05906575545668602,1776006126.5197916
train/clip_fraction,449982,0.05206705629825592,1776006199.161194
train/clip_fraction,466944,0.0540364570915699,1776006220.2044342
train/clip_fraction,479232,0.04666341096162796,1776006235.6280947
train/clip_fraction,491520,0.04596354067325592,1776006252.127417
train/clip_fraction,499980,0.04000651091337204,1776006329.9819736
train/clip_fraction,516096,0.03867187350988388,1776006349.5946076
train/clip_fraction,528384,0.04912109300494194,1776006365.4056172
train/clip_fraction,540672,0.03780924528837204,1776006381.2639127
train/clip_fraction,549978,0.03419596329331398,1776006453.0470881
train/clip_fraction,565248,0.02882486954331398,1776006471.7916272
train/clip_fraction,577536,0.02363281324505806,1776006487.3693385
train/clip_fraction,589824,0.03610026091337204,1776006503.3838174
train/clip_fraction,599976,0.02434895746409893,1776006574.3402119
train/clip_fraction,614400,0.02599283866584301,1776006593.904295
train/clip_fraction,626688,0.01751301996409893,1776006612.9825478
train/clip_fraction,638976,0.01803385466337204,1776006630.0137653
train/clip_fraction,649974,0.009944661520421505,1776006703.7859674
train/clip_fraction,663552,0.011995443142950535,1776006721.1361966
train/clip_fraction,675840,0.01634114608168602,1776006737.2525456
train/clip_fraction,688128,0.0017740885959938169,1776006753.3620117
train/clip_fraction,699972,0.0019368489738553762,1776006822.683492
train/clip_range,24576,0.20000000298023224,1776004967.267383
train/clip_range,36864,0.20000000298023224,1776004983.9173942
train/clip_range,49152,0.20000000298023224,1776005001.8609185
train/clip_range,49998,0.20000000298023224,1776005099.9180624
train/clip_range,73728,0.20000000298023224,1776005130.514658
train/clip_range,86016,0.20000000298023224,1776005148.4352205
train/clip_range,98304,0.20000000298023224,1776005164.7053568
train/clip_range,99996,0.20000000298023224,1776005241.2342334
train/clip_range,122880,0.20000000298023224,1776005267.671367
train/clip_range,135168,0.20000000298023224,1776005283.480898
train/clip_range,147456,0.20000000298023224,1776005299.7771702
train/clip_range,149994,0.20000000298023224,1776005390.7479062
train/clip_range,172032,0.20000000298023224,1776005420.0705922
train/clip_range,184320,0.20000000298023224,1776005437.7128172
train/clip_range,196608,0.20000000298023224,1776005455.9503307
train/clip_range,199992,0.20000000298023224,1776005541.7988846
train/clip_range,221184,0.20000000298023224,1776005566.386404
train/clip_range,233472,0.20000000298023224,1776005582.2272136
train/clip_range,245760,0.20000000298023224,1776005597.936743
train/clip_range,249990,0.20000000298023224,1776005675.2519305
train/clip_range,270336,0.20000000298023224,1776005698.7183537
train/clip_range,282624,0.20000000298023224,1776005714.3534966
train/clip_range,294912,0.20000000298023224,1776005730.10431
train/clip_range,299988,0.20000000298023224,1776005797.6313744
train/clip_range,319488,0.20000000298023224,1776005820.13886
train/clip_range,331776,0.20000000298023224,1776005836.8019962
train/clip_range,344064,0.20000000298023224,1776005854.0167167
train/clip_range,349986,0.20000000298023224,1776005931.9314091
train/clip_range,368640,0.20000000298023224,1776005956.326836
train/clip_range,380928,0.20000000298023224,1776005972.7098203
train/clip_range,393216,0.20000000298023224,1776005989.4471796
train/clip_range,399984,0.20000000298023224,1776006070.398156
train/clip_range,417792,0.20000000298023224,1776006092.9464767
train/clip_range,430080,0.20000000298023224,1776006109.581003
train/clip_range,442368,0.20000000298023224,1776006126.5198061
train/clip_range,449982,0.20000000298023224,1776006199.1615217
train/clip_range,466944,0.20000000298023224,1776006220.2044487
train/clip_range,479232,0.20000000298023224,1776006235.6281092
train/clip_range,491520,0.20000000298023224,1776006252.127431
train/clip_range,499980,0.20000000298023224,1776006329.9822335
train/clip_range,516096,0.20000000298023224,1776006349.5946221
train/clip_range,528384,0.20000000298023224,1776006365.405632
train/clip_range,540672,0.20000000298023224,1776006381.2639275
train/clip_range,549978,0.20000000298023224,1776006453.0473502
train/clip_range,565248,0.20000000298023224,1776006471.791642
train/clip_range,577536,0.20000000298023224,1776006487.369352
train/clip_range,589824,0.20000000298023224,1776006503.3838313
train/clip_range,599976,0.20000000298023224,1776006574.3404381
train/clip_range,614400,0.20000000298023224,1776006593.9043095
train/clip_range,626688,0.20000000298023224,1776006612.9825613
train/clip_range,638976,0.20000000298023224,1776006630.0137866
train/clip_range,649974,0.20000000298023224,1776006703.786185
train/clip_range,663552,0.20000000298023224,1776006721.1362107
train/clip_range,675840,0.20000000298023224,1776006737.2525597
train/clip_range,688128,0.20000000298023224,1776006753.362026
train/clip_range,699972,0.20000000298023224,1776006822.6837637
train/entropy_loss,24576,-1.3337498903274536,1776004967.2673962
train/entropy_loss,36864,-1.3118691444396973,1776004983.917407
train/entropy_loss,49152,-1.3082053661346436,1776005001.8609312
train/entropy_loss,49998,-1.294398307800293,1776005099.9183593
train/entropy_loss,73728,-1.236212134361267,1776005130.514671
train/entropy_loss,86016,-1.2564873695373535,1776005148.4352334
train/entropy_loss,98304,-1.237686276435852,1776005164.705369
train/entropy_loss,99996,-1.2186864614486694,1776005241.234567
train/entropy_loss,122880,-1.2159432172775269,1776005267.6713798
train/entropy_loss,135168,-1.2165193557739258,1776005283.4809113
train/entropy_loss,147456,-1.2022126913070679,1776005299.7771828
train/entropy_loss,149994,-1.1943658590316772,1776005390.7482944
train/entropy_loss,172032,-1.1634948253631592,1776005420.070605
train/entropy_loss,184320,-1.19542396068573,1776005437.7128303
train/entropy_loss,196608,-1.1801754236221313,1776005455.9503434
train/entropy_loss,199992,-1.187307596206665,1776005541.7991223
train/entropy_loss,221184,-1.1765713691711426,1776005566.386417
train/entropy_loss,233472,-1.158601999282837,1776005582.2272267
train/entropy_loss,245760,-1.1576322317123413,1776005597.9367554
train/entropy_loss,249990,-1.1840941905975342,1776005675.25216
train/entropy_loss,270336,-1.1649278402328491,1776005698.718366
train/entropy_loss,282624,-1.1837797164916992,1776005714.3535092
train/entropy_loss,294912,-1.1989033222198486,1776005730.1043227
train/entropy_loss,299988,-1.1862156391143799,1776005797.6316643
train/entropy_loss,319488,-1.1631642580032349,1776005820.1388729
train/entropy_loss,331776,-1.1438542604446411,1776005836.802009
train/entropy_loss,344064,-1.134273886680603,1776005854.0167289
train/entropy_loss,349986,-1.1212503910064697,1776005931.9317098
train/entropy_loss,368640,-1.1220417022705078,1776005956.326849
train/entropy_loss,380928,-1.1409815549850464,1776005972.7098327
train/entropy_loss,393216,-1.1305168867111206,1776005989.4471917
train/entropy_loss,399984,-1.112918734550476,1776006070.3984542
train/entropy_loss,417792,-1.0983424186706543,1776006092.946489
train/entropy_loss,430080,-1.0970622301101685,1776006109.5810153
train/entropy_loss,442368,-1.0845866203308105,1776006126.519819
train/entropy_loss,449982,-1.0837182998657227,1776006199.1618023
train/entropy_loss,466944,-1.066948652267456,1776006220.2044616
train/entropy_loss,479232,-1.0764104127883911,1776006235.628122
train/entropy_loss,491520,-1.0577032566070557,1776006252.127445
train/entropy_loss,499980,-1.055949091911316,1776006329.9824605
train/entropy_loss,516096,-1.0659642219543457,1776006349.5946348
train/entropy_loss,528384,-1.0612423419952393,1776006365.405645
train/entropy_loss,540672,-1.056725025177002,1776006381.26394
train/entropy_loss,549978,-1.0608874559402466,1776006453.0475838
train/entropy_loss,565248,-1.0633766651153564,1776006471.7916543
train/entropy_loss,577536,-1.0736331939697266,1776006487.369365
train/entropy_loss,589824,-1.0810223817825317,1776006503.3838444
train/entropy_loss,599976,-1.0793447494506836,1776006574.3406649
train/entropy_loss,614400,-1.0620638132095337,1776006593.9043224
train/entropy_loss,626688,-1.0782861709594727,1776006612.9825737
train/entropy_loss,638976,-1.0680122375488281,1776006630.0138037
train/entropy_loss,649974,-1.0749703645706177,1776006703.786447
train/entropy_loss,663552,-1.0697890520095825,1776006721.1362236
train/entropy_loss,675840,-1.0807520151138306,1776006737.2525718
train/entropy_loss,688128,-1.0425831079483032,1776006753.3620389
train/entropy_loss,699972,-1.0744222402572632,1776006822.6840045
train/explained_variance,24576,-0.1844024658203125,1776004967.2674086
train/explained_variance,36864,0.5764914751052856,1776004983.9174197
train/explained_variance,49152,0.729574978351593,1776005001.860945
train/explained_variance,49998,0.7829017639160156,1776005099.918717
train/explained_variance,73728,0.8229904770851135,1776005130.5146837
train/explained_variance,86016,0.8851256370544434,1776005148.4352458
train/explained_variance,98304,0.9292539358139038,1776005164.7053814
train/explained_variance,99996,0.9494132995605469,1776005241.2348392
train/explained_variance,122880,0.9638334512710571,1776005267.6713927
train/explained_variance,135168,0.9700050354003906,1776005283.4809244
train/explained_variance,147456,0.9760449528694153,1776005299.777195
train/explained_variance,149994,0.9794785380363464,1776005390.7485929
train/explained_variance,172032,0.9837417602539062,1776005420.0706174
train/explained_variance,184320,0.9844608306884766,1776005437.712843
train/explained_variance,196608,0.9854023456573486,1776005455.950356
train/explained_variance,199992,0.9869896769523621,1776005541.7993748
train/explained_variance,221184,0.9871855974197388,1776005566.3864295
train/explained_variance,233472,0.9867870211601257,1776005582.2272391
train/explained_variance,245760,0.9876030087471008,1776005597.936768
train/explained_variance,249990,0.9873957633972168,1776005675.2523894
train/explained_variance,270336,0.9870424270629883,1776005698.7183778
train/explained_variance,282624,0.9871571660041809,1776005714.353521
train/explained_variance,294912,0.9881913065910339,1776005730.104335
train/explained_variance,299988,0.9876301288604736,1776005797.6319606
train/explained_variance,319488,0.9883002042770386,1776005820.138885
train/explained_variance,331776,0.9872676730155945,1776005836.802021
train/explained_variance,344064,0.9882277846336365,1776005854.0167413
train/explained_variance,349986,0.9881429076194763,1776005931.931922
train/explained_variance,368640,0.9872859716415405,1776005956.3268614
train/explained_variance,380928,0.9878917336463928,1776005972.7098446
train/explained_variance,393216,0.9880505800247192,1776005989.4472046
train/explained_variance,399984,0.986826479434967,1776006070.3987262
train/explained_variance,417792,0.9874580502510071,1776006092.9465015
train/explained_variance,430080,0.9881168007850647,1776006109.5810273
train/explained_variance,442368,0.9888888001441956,1776006126.5198317
train/explained_variance,449982,0.9890459775924683,1776006199.1620684
train/explained_variance,466944,0.9880629181861877,1776006220.2044742
train/explained_variance,479232,0.9880824685096741,1776006235.6281347
train/explained_variance,491520,0.9887270331382751,1776006252.127458
train/explained_variance,499980,0.9894147515296936,1776006329.9826846
train/explained_variance,516096,0.9893032312393188,1776006349.594647
train/explained_variance,528384,0.9882344007492065,1776006365.4056575
train/explained_variance,540672,0.9889079928398132,1776006381.2639525
train/explained_variance,549978,0.9890604019165039,1776006453.0478334
train/explained_variance,565248,0.9889153242111206,1776006471.7916667
train/explained_variance,577536,0.9892237782478333,1776006487.3693776
train/explained_variance,589824,0.9890269637107849,1776006503.3838563
train/explained_variance,599976,0.9892694354057312,1776006574.3409014
train/explained_variance,614400,0.989520788192749,1776006593.9043343
train/explained_variance,626688,0.988894522190094,1776006612.982586
train/explained_variance,638976,0.9886538982391357,1776006630.0138168
train/explained_variance,649974,0.9893032908439636,1776006703.786912
train/explained_variance,663552,0.9894493222236633,1776006721.1362362
train/explained_variance,675840,0.9890753626823425,1776006737.2525842
train/explained_variance,688128,0.9885121583938599,1776006753.3620512
train/explained_variance,699972,0.9887966513633728,1776006822.6842444
train/learning_rate,24576,0.0004779351002071053,1776004967.2674212
train/learning_rate,36864,0.0004693953669629991,1776004983.9174325
train/learning_rate,49152,0.0004608556628227234,1776005001.8609576
train/learning_rate,49998,0.0004523159295786172,1776005099.9189882
train/learning_rate,73728,0.0004437762254383415,1776005130.514696
train/learning_rate,86016,0.0004352364921942353,1776005148.435258
train/learning_rate,98304,0.0004266967880539596,1776005164.7053933
train/learning_rate,99996,0.0004181570839136839,1776005241.2350762
train/learning_rate,122880,0.0004096173506695777,1776005267.671405
train/learning_rate,135168,0.000401077646529302,1776005283.480937
train/learning_rate,147456,0.00039253791328519583,1776005299.777207
train/learning_rate,149994,0.0003839982091449201,1776005390.7488792
train/learning_rate,172032,0.00037545847590081394,1776005420.0706294
train/learning_rate,184320,0.0003669187717605382,1776005437.7128553
train/learning_rate,196608,0.00035837903851643205,1776005455.9503677
train/learning_rate,199992,0.00034983933437615633,1776005541.7996078
train/learning_rate,221184,0.00034129960113205016,1776005566.3864417
train/learning_rate,233472,0.00033275989699177444,1776005582.2272515
train/learning_rate,245760,0.00032422016374766827,1776005597.9367797
train/learning_rate,249990,0.00031568045960739255,1776005675.2526162
train/learning_rate,270336,0.0003071407263632864,1776005698.71839
train/learning_rate,282624,0.00029860102222301066,1776005714.3535333
train/learning_rate,294912,0.0002900612889789045,1776005730.1043477
train/learning_rate,299988,0.00028152158483862877,1776005797.6322904
train/learning_rate,319488,0.00027298188069835305,1776005820.1388972
train/learning_rate,331776,0.0002644421474542469,1776005836.8020332
train/learning_rate,344064,0.00025590244331397116,1776005854.0167534
train/learning_rate,349986,0.000247362710069865,1776005931.932229
train/learning_rate,368640,0.00023882299137767404,1776005956.3268733
train/learning_rate,380928,0.0002302832726854831,1776005972.7098565
train/learning_rate,393216,0.00022174355399329215,1776005989.4472163
train/learning_rate,399984,0.0002132038353011012,1776006070.3990545
train/learning_rate,417792,0.0002046641311608255,1776006092.946513
train/learning_rate,430080,0.00019612441246863455,1776006109.5810392
train/learning_rate,442368,0.0001875846937764436,1776006126.5198438
train/learning_rate,449982,0.00017904497508425266,1776006199.162376
train/learning_rate,466944,0.0001705052563920617,1776006220.2044864
train/learning_rate,479232,0.00016196553769987077,1776006235.6281466
train/learning_rate,491520,0.00015342581900767982,1776006252.1274703
train/learning_rate,499980,0.00014488610031548887,1776006329.98291
train/learning_rate,516096,0.00013634638162329793,1776006349.5946596
train/learning_rate,528384,0.00012780666293110698,1776006365.40567
train/learning_rate,540672,0.00011926694423891604,1776006381.2639647
train/learning_rate,549978,0.0001107272255467251,1776006453.048068
train/learning_rate,565248,0.00010218750685453415,1776006471.791679
train/learning_rate,577536,9.36477881623432e-05,1776006487.3693895
train/learning_rate,589824,8.510807674610987e-05,1776006503.3838685
train/learning_rate,599976,7.656835805391893e-05,1776006574.3411572
train/learning_rate,614400,6.802863936172798e-05,1776006593.9043467
train/learning_rate,626688,5.948892066953704e-05,1776006612.9825976
train/learning_rate,638976,5.094920197734609e-05,1776006630.0138292
train/learning_rate,649974,4.240948328515515e-05,1776006703.7871912
train/learning_rate,663552,3.386976823094301e-05,1776006721.1362486
train/learning_rate,675840,2.533004771976266e-05,1776006737.2525961
train/learning_rate,688128,1.679033084656112e-05,1776006753.3620636
train/learning_rate,699972,8.250613063864876e-06,1776006822.6862993
train/loss,24576,-0.004697903990745544,1776004967.267433
train/loss,36864,-0.051276229321956635,1776004983.917444
train/loss,49152,-0.03217543661594391,1776005001.86097
train/loss,49998,-0.029131440445780754,1776005099.9193418
train/loss,73728,-0.030077584087848663,1776005130.5147076
train/loss,86016,-0.04662356525659561,1776005148.4352698
train/loss,98304,-0.03261514753103256,1776005164.7054052
train/loss,99996,-0.04639793187379837,1776005241.2353957
train/loss,122880,-0.059983547776937485,1776005267.6714172
train/loss,135168,-0.04912002012133598,1776005283.4809484
train/loss,147456,-0.050257232040166855,1776005299.7772186
train/loss,149994,-0.04535083845257759,1776005390.7491684
train/loss,172032,-0.04788000509142876,1776005420.070641
train/loss,184320,-0.05188135802745819,1776005437.712867
train/loss,196608,-0.06774376332759857,1776005455.9503794
train/loss,199992,-0.0526823028922081,1776005541.7998624
train/loss,221184,-0.05452229827642441,1776005566.3864532
train/loss,233472,-0.05505486950278282,1776005582.2272635
train/loss,245760,-0.060251086950302124,1776005597.9367921
train/loss,249990,-0.04980933666229248,1776005675.2528367
train/loss,270336,-0.05178209766745567,1776005698.718402
train/loss,282624,-0.05372391641139984,1776005714.3535447
train/loss,294912,-0.05168284475803375,1776005730.1043596
train/loss,299988,-0.03710070624947548,1776005797.6326377
train/loss,319488,-0.04125706106424332,1776005820.1389089
train/loss,331776,-0.043456315994262695,1776005836.802045
train/loss,344064,-0.05090004950761795,1776005854.0167654
train/loss,349986,-0.04833625257015228,1776005931.932567
train/loss,368640,-0.0336599126458168,1776005956.3268847
train/loss,380928,-0.038801997900009155,1776005972.709868
train/loss,393216,-0.053023166954517365,1776005989.4472282
train/loss,399984,-0.061236318200826645,1776006070.3993254
train/loss,417792,-0.021151065826416016,1776006092.9465244
train/loss,430080,-0.0336175300180912,1776006109.5810509
train/loss,442368,-0.03809605911374092,1776006126.519856
train/loss,449982,-0.03443559259176254,1776006199.162704
train/loss,466944,-0.042739421129226685,1776006220.2044978
train/loss,479232,-0.05062850937247276,1776006235.6281579
train/loss,491520,-0.04596494883298874,1776006252.1274822
train/loss,499980,-0.03964138403534889,1776006329.9831483
train/loss,516096,-0.05373356491327286,1776006349.5946712
train/loss,528384,-0.05318629741668701,1776006365.4056814
train/loss,540672,-0.04522840678691864,1776006381.2639768
train/loss,549978,-0.059489209204912186,1776006453.048298
train/loss,565248,-0.03580823540687561,1776006471.7916906
train/loss,577536,-0.039042338728904724,1776006487.369402
train/loss,589824,-0.03220672532916069,1776006503.3838804
train/loss,599976,-0.049712780863046646,1776006574.3413887
train/loss,614400,-0.06324869394302368,1776006593.9043586
train/loss,626688,-0.04908544570207596,1776006612.98261
train/loss,638976,-0.0317198820412159,1776006630.0138407
train/loss,649974,-0.04647618532180786,1776006703.7874546
train/loss,663552,-0.04053381830453873,1776006721.1362605
train/loss,675840,-0.05107858031988144,1776006737.252608
train/loss,688128,-0.03791884332895279,1776006753.3620753
train/loss,699972,-0.03879265487194061,1776006822.6865494
train/policy_gradient_loss,24576,-0.004481487907469273,1776004967.2674453
train/policy_gradient_loss,36864,-0.004997942131012678,1776004983.917456
train/policy_gradient_loss,49152,-0.005490825045853853,1776005001.8609817
train/policy_gradient_loss,49998,-0.004237918183207512,1776005099.9196653
train/policy_gradient_loss,73728,-0.004761659540235996,1776005130.51472
train/policy_gradient_loss,86016,-0.005306318402290344,1776005148.435282
train/policy_gradient_loss,98304,-0.007638587150722742,1776005164.7054172
train/policy_gradient_loss,99996,-0.005081388168036938,1776005241.235726
train/policy_gradient_loss,122880,-0.004927505739033222,1776005267.6714299
train/policy_gradient_loss,135168,-0.005411752033978701,1776005283.4809608
train/policy_gradient_loss,147456,-0.0051620835438370705,1776005299.7772305
train/policy_gradient_loss,149994,-0.004625815432518721,1776005390.749419
train/policy_gradient_loss,172032,-0.006504869554191828,1776005420.0706532
train/policy_gradient_loss,184320,-0.004228026140481234,1776005437.7128792
train/policy_gradient_loss,196608,-0.006376596167683601,1776005455.9503913
train/policy_gradient_loss,199992,-0.005908152088522911,1776005541.8001554
train/policy_gradient_loss,221184,-0.005523997358977795,1776005566.3864653
train/policy_gradient_loss,233472,-0.005241586361080408,1776005582.2272756
train/policy_gradient_loss,245760,-0.005242404993623495,1776005597.9368038
train/policy_gradient_loss,249990,-0.005725634749978781,1776005675.253085
train/policy_gradient_loss,270336,-0.006202785298228264,1776005698.7184134
train/policy_gradient_loss,282624,-0.004371900577098131,1776005714.3535564
train/policy_gradient_loss,294912,-0.006371833384037018,1776005730.1043713
train/policy_gradient_loss,299988,-0.005850368645042181,1776005797.6329122
train/policy_gradient_loss,319488,-0.005594851914793253,1776005820.138921
train/policy_gradient_loss,331776,-0.005146979819983244,1776005836.8020573
train/policy_gradient_loss,344064,-0.005266227759420872,1776005854.0167773
train/policy_gradient_loss,349986,-0.0059034815058112144,1776005931.9328027
train/policy_gradient_loss,368640,-0.0049287620931863785,1776005956.3268971
train/policy_gradient_loss,380928,-0.005440599285066128,1776005972.7098799
train/policy_gradient_loss,393216,-0.005484067834913731,1776005989.44724
train/policy_gradient_loss,399984,-0.005458422936499119,1776006070.399607
train/policy_gradient_loss,417792,-0.0053440299816429615,1776006092.9465363
train/policy_gradient_loss,430080,-0.005646546371281147,1776006109.5810626
train/policy_gradient_loss,442368,-0.004869129508733749,1776006126.519868
train/policy_gradient_loss,449982,-0.004599449690431356,1776006199.1629696
train/policy_gradient_loss,466944,-0.004945166874676943,1776006220.20451
train/policy_gradient_loss,479232,-0.0042192465625703335,1776006235.6281695
train/policy_gradient_loss,491520,-0.004531575366854668,1776006252.1274939
train/policy_gradient_loss,499980,-0.005167982075363398,1776006329.9833825
train/policy_gradient_loss,516096,-0.004361334722489119,1776006349.5946832
train/policy_gradient_loss,528384,-0.005687450524419546,1776006365.4056928
train/policy_gradient_loss,540672,-0.0051660798490047455,1776006381.2639885
train/policy_gradient_loss,549978,-0.004845301620662212,1776006453.0485244
train/policy_gradient_loss,565248,-0.0032108493614941835,1776006471.7917025
train/policy_gradient_loss,577536,-0.0036179260350763798,1776006487.3694134
train/policy_gradient_loss,589824,-0.0048497687093913555,1776006503.383892
train/policy_gradient_loss,599976,-0.003586358856409788,1776006574.341609
train/policy_gradient_loss,614400,-0.003831802401691675,1776006593.9043708
train/policy_gradient_loss,626688,-0.0037978130858391523,1776006612.9826217
train/policy_gradient_loss,638976,-0.0037782113067805767,1776006630.0138524
train/policy_gradient_loss,649974,-0.0028668215963989496,1776006703.7878006
train/policy_gradient_loss,663552,-0.003230905160307884,1776006721.1362727
train/policy_gradient_loss,675840,-0.0030354259070008993,1776006737.2526195
train/policy_gradient_loss,688128,-0.0016882761847227812,1776006753.3620875
train/policy_gradient_loss,699972,-0.0012529267696663737,1776006822.6867852
train/value_loss,24576,0.16996748745441437,1776004967.267457
train/value_loss,36864,0.012067511677742004,1776004983.9174674
train/value_loss,49152,0.01677776873111725,1776005001.8609934
train/value_loss,49998,0.023133808746933937,1776005099.9199343
train/value_loss,73728,0.021532297134399414,1776005130.514732
train/value_loss,86016,0.01615915261209011,1776005148.4352932
train/value_loss,98304,0.01193422544747591,1776005164.7054284
train/value_loss,99996,0.011455541476607323,1776005241.2360058
train/value_loss,122880,0.010888125747442245,1776005267.6714416
train/value_loss,135168,0.010007303208112717,1776005283.4809728
train/value_loss,147456,0.009788112714886665,1776005299.7772422
train/value_loss,149994,0.00912308506667614,1776005390.7497253
train/value_loss,172032,0.007887525483965874,1776005420.0706646
train/value_loss,184320,0.008546805009245872,1776005437.712891
train/value_loss,196608,0.008253837004303932,1776005455.9504023
train/value_loss,199992,0.008122080005705357,1776005541.8003812
train/value_loss,221184,0.00828932598233223,1776005566.3864768
train/value_loss,233472,0.00911577045917511,1776005582.227287
train/value_loss,245760,0.008781973272562027,1776005597.9368155
train/value_loss,249990,0.008713404648005962,1776005675.2533123
train/value_loss,270336,0.009197159670293331,1776005698.718425
train/value_loss,282624,0.008679186925292015,1776005714.3535683
train/value_loss,294912,0.00813389103859663,1776005730.104383
train/value_loss,299988,0.00877468939870596,1776005797.6331406
train/value_loss,319488,0.00822432804852724,1776005820.1389325
train/value_loss,331776,0.009083191864192486,1776005836.8020685
train/value_loss,344064,0.008624003268778324,1776005854.0167882
train/value_loss,349986,0.008678565733134747,1776005931.9331198
train/value_loss,368640,0.008560839109122753,1776005956.3269088
train/value_loss,380928,0.008468836545944214,1776005972.7098916
train/value_loss,393216,0.00839825440198183,1776005989.447252
train/value_loss,399984,0.008965851739048958,1776006070.3998697
train/value_loss,417792,0.008888401091098785,1776006092.946548
train/value_loss,430080,0.00860629603266716,1776006109.581074
train/value_loss,442368,0.008157321251928806,1776006126.5198793
train/value_loss,449982,0.007903577759861946,1776006199.163209
train/value_loss,466944,0.008539495058357716,1776006220.2045214
train/value_loss,479232,0.008517556823790073,1776006235.628181
train/value_loss,491520,0.007875007577240467,1776006252.1275053
train/value_loss,499980,0.007701804395765066,1776006329.9836051
train/value_loss,516096,0.007796745281666517,1776006349.594695
train/value_loss,528384,0.008206487633287907,1776006365.405704
train/value_loss,540672,0.007915323600172997,1776006381.2640004
train/value_loss,549978,0.00788093265146017,1776006453.0487604
train/value_loss,565248,0.0077307578176259995,1776006471.7917135
train/value_loss,577536,0.007736582309007645,1776006487.369425
train/value_loss,589824,0.00798467081040144,1776006503.3839033
train/value_loss,599976,0.007897898554801941,1776006574.3418384
train/value_loss,614400,0.007528127171099186,1776006593.9043822
train/value_loss,626688,0.007690327242016792,1776006612.982633
train/value_loss,638976,0.008207970298826694,1776006630.013864
train/value_loss,649974,0.007848246023058891,1776006703.7880244
train/value_loss,663552,0.00783776305615902,1776006721.1362844
train/value_loss,675840,0.008346757851541042,1776006737.2526307
train/value_loss,688128,0.008757472038269043,1776006753.3620996
train/value_loss,699972,0.00890012364834547,1776006822.6870873
eval/load_std,49998,0.0,1776005099.916575
eval/load_std,99996,0.0,1776005241.2327178
eval/load_std,149994,0.0,1776005390.7460358
eval/load_std,199992,0.0,1776005541.797368
eval/load_std,249990,0.0,1776005675.2504013
eval/load_std,299988,0.0,1776005797.6299486
eval/load_std,349986,0.0,1776005931.9296672
eval/load_std,399984,0.0,1776006070.3962185
eval/load_std,449982,0.0,1776006199.1599429
eval/load_std,499980,0.0,1776006329.9808133
eval/load_std,549978,0.0,1776006453.0458102
eval/load_std,599976,0.0,1776006574.3389926
eval/load_std,649974,0.0,1776006703.7847388
eval/load_std,699972,0.0,1776006822.6821942
eval/rl_ts_gap_vs_baseline,49998,-2.3142242431640625,1776005099.9166102
eval/rl_ts_gap_vs_baseline,99996,-4.476058006286621,1776005241.2327645
eval/rl_ts_gap_vs_baseline,149994,-3.157149076461792,1776005390.7460723
eval/rl_ts_gap_vs_baseline,199992,-4.210305690765381,1776005541.7974048
eval/rl_ts_gap_vs_baseline,249990,-4.820532321929932,1776005675.2504406
eval/rl_ts_gap_vs_baseline,299988,-5.469611644744873,1776005797.629984
eval/rl_ts_gap_vs_baseline,349986,-5.00179386138916,1776005931.9297056
eval/rl_ts_gap_vs_baseline,399984,-5.157005786895752,1776006070.3962653
eval/rl_ts_gap_vs_baseline,449982,-5.60825252532959,1776006199.1599848
eval/rl_ts_gap_vs_baseline,499980,-5.415585517883301,1776006329.9808476
eval/rl_ts_gap_vs_baseline,549978,-5.777519702911377,1776006453.0458505
eval/rl_ts_gap_vs_baseline,599976,-5.85275411605835,1776006574.339039
eval/rl_ts_gap_vs_baseline,649974,-6.155369281768799,1776006703.784777
eval/rl_ts_gap_vs_baseline,699972,-6.362852573394775,1776006822.682231
eval/rl_ts_mean_ride,49998,13.391749382019043,1776005099.9166262
eval/rl_ts_mean_ride,99996,12.382521629333496,1776005241.2327812
eval/rl_ts_mean_ride,149994,12.541719436645508,1776005390.7460885
eval/rl_ts_mean_ride,199992,12.623632431030273,1776005541.7974203
eval/rl_ts_mean_ride,249990,12.116418838500977,1776005675.250457
eval/rl_ts_mean_ride,299988,11.704154968261719,1776005797.6300004
eval/rl_ts_mean_ride,349986,11.824799537658691,1776005931.9297216
eval/rl_ts_mean_ride,399984,12.200533866882324,1776006070.396295
eval/rl_ts_mean_ride,449982,11.56561279296875,1776006199.1600015
eval/rl_ts_mean_ride,499980,11.885284423828125,1776006329.980864
eval/rl_ts_mean_ride,549978,11.539320945739746,1776006453.0458677
eval/rl_ts_mean_ride,599976,11.559548377990723,1776006574.339056
eval/rl_ts_mean_ride,649974,11.475934028625488,1776006703.7847931
eval/rl_ts_mean_ride,699972,11.424843788146973,1776006822.6822474
eval/rl_ts_mean_wait,49998,11.644275665283203,1776005099.9166393
eval/rl_ts_mean_wait,99996,9.482441902160645,1776005241.2327945
eval/rl_ts_mean_wait,149994,10.801350593566895,1776005390.7461016
eval/rl_ts_mean_wait,199992,9.748194694519043,1776005541.7974336
eval/rl_ts_mean_wait,249990,9.137967109680176,1776005675.2504702
eval/rl_ts_mean_wait,299988,8.48888874053955,1776005797.6300137
eval/rl_ts_mean_wait,349986,8.956706047058105,1776005931.9297352
eval/rl_ts_mean_wait,399984,8.801493644714355,1776006070.3963165
eval/rl_ts_mean_wait,449982,8.350247383117676,1776006199.1600149
eval/rl_ts_mean_wait,499980,8.542914390563965,1776006329.9808776
eval/rl_ts_mean_wait,549978,8.180980682373047,1776006453.045881
eval/rl_ts_mean_wait,599976,8.105746269226074,1776006574.3390696
eval/rl_ts_mean_wait,649974,7.803130626678467,1776006703.7848065
eval/rl_ts_mean_wait,699972,7.59564733505249,1776006822.682261
eval/rl_ts_p95_wait,49998,28.064308166503906,1776005099.9166512
eval/rl_ts_p95_wait,99996,25.94362449645996,1776005241.232807
eval/rl_ts_p95_wait,149994,27.610015869140625,1776005390.7461143
eval/rl_ts_p95_wait,199992,26.646652221679688,1776005541.7974463
eval/rl_ts_p95_wait,249990,25.418241500854492,1776005675.2504842
eval/rl_ts_p95_wait,299988,26.019439697265625,1776005797.6300263
eval/rl_ts_p95_wait,349986,25.634977340698242,1776005931.9297478
eval/rl_ts_p95_wait,399984,26.64439582824707,1776006070.3963294
eval/rl_ts_p95_wait,449982,25.070539474487305,1776006199.1600275
eval/rl_ts_p95_wait,499980,24.886594772338867,1776006329.9808903
eval/rl_ts_p95_wait,549978,25.171070098876953,1776006453.0458944
eval/rl_ts_p95_wait,599976,25.221683502197266,1776006574.3390822
eval/rl_ts_p95_wait,649974,24.76947784423828,1776006703.7848191
eval/rl_ts_p95_wait,699972,23.942584991455078,1776006822.6822734
eval/rl_ts_rejected,49998,51.79999923706055,1776005099.9166634
eval/rl_ts_rejected,99996,53.400001525878906,1776005241.2328193
eval/rl_ts_rejected,149994,52.599998474121094,1776005390.7461264
eval/rl_ts_rejected,199992,46.599998474121094,1776005541.7974584
eval/rl_ts_rejected,249990,55.400001525878906,1776005675.2504976
eval/rl_ts_rejected,299988,65.19999694824219,1776005797.6300385
eval/rl_ts_rejected,349986,66.0,1776005931.9297595
eval/rl_ts_rejected,399984,59.79999923706055,1776006070.3963428
eval/rl_ts_rejected,449982,63.20000076293945,1776006199.1600394
eval/rl_ts_rejected,499980,60.79999923706055,1776006329.9809027
eval/rl_ts_rejected,549978,67.4000015258789,1776006453.045906
eval/rl_ts_rejected,599976,66.5999984741211,1776006574.339094
eval/rl_ts_rejected,649974,70.19999694824219,1776006703.7848318
eval/rl_ts_rejected,699972,74.0,1776006822.6822853
eval/rl_ts_score,49998,20.011999130249023,1776005099.9166749
eval/rl_ts_score,99996,21.774999618530273,1776005241.232831
eval/rl_ts_score,149994,19.402000427246094,1776005390.7461383
eval/rl_ts_score,199992,17.731000900268555,1776005541.79747
eval/rl_ts_score,249990,20.139999389648438,1776005675.2505095
eval/rl_ts_score,299988,23.90999984741211,1776005797.630051
eval/rl_ts_score,349986,25.000999450683594,1776005931.9297712
eval/rl_ts_score,399984,21.25,1776006070.3963542
eval/rl_ts_score,449982,24.775999069213867,1776006199.160051
eval/rl_ts_score,499980,21.191999435424805,1776006329.980914
eval/rl_ts_score,549978,23.643999099731445,1776006453.0459182
eval/rl_ts_score,599976,23.760000228881836,1776006574.3391063
eval/rl_ts_score,649974,25.04400062561035,1776006703.7848437
eval/rl_ts_score,699972,27.340999603271484,1776006822.682297
eval/rl_ts_service_rate,49998,0.7696638703346252,1776005099.9166868
eval/rl_ts_service_rate,99996,0.7434762120246887,1776005241.232843
eval/rl_ts_service_rate,149994,0.7645706534385681,1776005390.7461503
eval/rl_ts_service_rate,199992,0.7637733221054077,1776005541.7974823
eval/rl_ts_service_rate,249990,0.7509424686431885,1776005675.2505217
eval/rl_ts_service_rate,299988,0.7360910773277283,1776005797.6300626
eval/rl_ts_service_rate,349986,0.7330758571624756,1776005931.9297829
eval/rl_ts_service_rate,399984,0.7471020817756653,1776006070.3963661
eval/rl_ts_service_rate,449982,0.7300821542739868,1776006199.160063
eval/rl_ts_service_rate,499980,0.7464990019798279,1776006329.980926
eval/rl_ts_service_rate,549978,0.7371830940246582,1776006453.04593
eval/rl_ts_service_rate,599976,0.7359093427658081,1776006574.3391182
eval/rl_ts_service_rate,649974,0.7305406928062439,1776006703.7848556
eval/rl_ts_service_rate,699972,0.72077476978302,1776006822.682309
eval/rl_ts_ts_improvements,49998,145.8000030517578,1776005099.9166985
eval/rl_ts_ts_improvements,99996,136.1999969482422,1776005241.2328553
eval/rl_ts_ts_improvements,149994,129.1999969482422,1776005390.746162
eval/rl_ts_ts_improvements,199992,127.80000305175781,1776005541.7974942
eval/rl_ts_ts_improvements,249990,131.1999969482422,1776005675.2505333
eval/rl_ts_ts_improvements,299988,115.19999694824219,1776005797.6300747
eval/rl_ts_ts_improvements,349986,112.19999694824219,1776005931.9297945
eval/rl_ts_ts_improvements,399984,113.19999694824219,1776006070.3963778
eval/rl_ts_ts_improvements,449982,107.5999984741211,1776006199.1600747
eval/rl_ts_ts_improvements,499980,107.80000305175781,1776006329.9809372
eval/rl_ts_ts_improvements,549978,105.5999984741211,1776006453.045942
eval/rl_ts_ts_improvements,599976,112.80000305175781,1776006574.3391309
eval/rl_ts_ts_improvements,649974,104.80000305175781,1776006703.784867
eval/rl_ts_ts_improvements,699972,97.4000015258789,1776006822.6823204
eval/standalone_mean_wait,49998,15.642743110656738,1776005099.9167097
eval/standalone_mean_wait,99996,13.73314380645752,1776005241.2328668
eval/standalone_mean_wait,149994,14.326532363891602,1776005390.7461734
eval/standalone_mean_wait,199992,13.084687232971191,1776005541.7975059
eval/standalone_mean_wait,249990,11.924714088439941,1776005675.2505453
eval/standalone_mean_wait,299988,11.107942581176758,1776005797.6300862
eval/standalone_mean_wait,349986,11.356017112731934,1776005931.9298058
eval/standalone_mean_wait,399984,11.762128829956055,1776006070.396389
eval/standalone_mean_wait,449982,11.47693920135498,1776006199.1600866
eval/standalone_mean_wait,499980,11.891616821289062,1776006329.9809487
eval/standalone_mean_wait,549978,11.444324493408203,1776006453.0459538
eval/standalone_mean_wait,599976,11.167956352233887,1776006574.3391426
eval/standalone_mean_wait,649974,10.847028732299805,1776006703.7848787
eval/standalone_mean_wait,699972,10.618403434753418,1776006822.6823323
eval/standalone_rejected,49998,77.4000015258789,1776005099.9167209
eval/standalone_rejected,99996,78.4000015258789,1776005241.2328784
eval/standalone_rejected,149994,76.80000305175781,1776005390.7461843
eval/standalone_rejected,199992,78.0,1776005541.7975173
eval/standalone_rejected,249990,86.19999694824219,1776005675.250557
eval/standalone_rejected,299988,86.0,1776005797.6300976
eval/standalone_rejected,349986,86.80000305175781,1776005931.9298172
eval/standalone_rejected,399984,88.0,1776006070.3964002
eval/standalone_rejected,449982,83.80000305175781,1776006199.160098
eval/standalone_rejected,499980,82.19999694824219,1776006329.98096
eval/standalone_rejected,549978,85.0,1776006453.045966
eval/standalone_rejected,599976,83.5999984741211,1776006574.3391545
eval/standalone_rejected,649974,87.80000305175781,1776006703.7848904
eval/standalone_rejected,699972,88.19999694824219,1776006822.6823437
eval/standalone_service_rate,49998,0.7731596231460571,1776005099.9168553
eval/standalone_service_rate,99996,0.7702671885490417,1776005241.2330177
eval/standalone_service_rate,149994,0.7749117016792297,1776005390.7463052
eval/standalone_service_rate,199992,0.7711328268051147,1776005541.797664
eval/standalone_service_rate,249990,0.7469639778137207,1776005675.250705
eval/standalone_service_rate,299988,0.7477412223815918,1776005797.6302328
eval/standalone_service_rate,349986,0.7454383373260498,1776005931.9299529
eval/standalone_service_rate,399984,0.742142915725708,1776006070.396533
eval/standalone_service_rate,449982,0.7539148330688477,1776006199.1602395
eval/standalone_service_rate,499980,0.7589887380599976,1776006329.9810913
eval/standalone_service_rate,549978,0.750974178314209,1776006453.0460756
eval/standalone_service_rate,599976,0.7548399567604065,1776006574.3393154
eval/standalone_service_rate,649974,0.742734968662262,1776006703.7850373
eval/standalone_service_rate,699972,0.7415632605552673,1776006822.6824505
eval/synergy_gap_wait,49998,3.9984676837921143,1776005099.917281
eval/synergy_gap_wait,99996,4.250702381134033,1776005241.2334204
eval/synergy_gap_wait,149994,3.525181293487549,1776005390.7468371
eval/synergy_gap_wait,199992,3.336493492126465,1776005541.7980666
eval/synergy_gap_wait,249990,2.7867467403411865,1776005675.2511265
eval/synergy_gap_wait,299988,2.6190543174743652,1776005797.6306272
eval/synergy_gap_wait,349986,2.399311065673828,1776005931.9303615
eval/synergy_gap_wait,399984,2.96063494682312,1776006070.3970993
eval/synergy_gap_wait,449982,3.1266911029815674,1776006199.1606917
eval/synergy_gap_wait,499980,3.3487026691436768,1776006329.9814906
eval/synergy_gap_wait,549978,3.2633442878723145,1776006453.0464785
eval/synergy_gap_wait,599976,3.0622105598449707,1776006574.3397012
eval/synergy_gap_wait,649974,3.043897867202759,1776006703.7854545
eval/synergy_gap_wait,699972,3.022756338119507,1776006822.6828907
